docNumber,id,title,year,category,canonicalUrl,pdfPath,sha256
ROA-0000-0001,ambaz20star20-maiden20edition,Ambaz Star Maiden Edition,,historical,https://roa.vercel.app/documents/ambaz20star20-maiden20edition,/documents/ambaz20star20-maiden20edition.pdf,1f1e6eb23482740ba906cd4e4bf1b279106291852b9768e83ff77a2886f8e98b
ROA-0000-0002,ambazonia20civil20defence20force20enrolment20form,Ambazonia Civil Defence Force Enrolment Form,,historical,https://roa.vercel.app/documents/ambazonia20civil20defence20force20enrolment20form,/documents/ambazonia20civil20defence20force20enrolment20form.pdf,57bb2655c4b4a2bfa59c249ec7f4a8d0bbe9c8479b5d21ff376999ff4ebff0ad
ROA-0000-0003,ambazonia20diasporan20asylum20agency,Ambazonia Diasporan Asylum Agency,,historical,https://roa.vercel.app/documents/ambazonia20diasporan20asylum20agency,/documents/ambazonia20diasporan20asylum20agency.pdf,b4b9773a625838eeef36ee57faf06d4e14ab628c1e779318de192d9d7de12755
ROA-0000-0004,ambazonian20govt20in20exile20proposal20to20stop20the20sale20of20cdc,Ambazonian Govt In Exile Proposal To Stop The Sale Of Cdc,,historical,https://roa.vercel.app/documents/ambazonian20govt20in20exile20proposal20to20stop20the20sale20of20cdc,/documents/ambazonian20govt20in20exile20proposal20to20stop20the20sale20of20cdc.pdf,1145386f62882bdce9bc907749a438e3479bea5e11e0e245a4be71e8d04a199f
ROA-0000-0005,ambazonian20law20enforcement20task20force20ordinance,Ambazonian Law Enforcement Task Force Ordinance,,ordinance,https://roa.vercel.app/documents/ambazonian20law20enforcement20task20force20ordinance,/documents/ambazonian20law20enforcement20task20force20ordinance.pdf,bf2854fc0994a5e892c89b172e5e0a02ecf4637a1896943bd292d288513f2fd5
ROA-0000-0006,ambazonian20strategy20for20restoration20of20power20to20the20people20rejected20by20sdf,Ambazonian Strategy For Restoration Of Power To The People Rejected By Sdf,,historical,https://roa.vercel.app/documents/ambazonian20strategy20for20restoration20of20power20to20the20people20rejected20by20sdf,/documents/ambazonian20strategy20for20restoration20of20power20to20the20people20rejected20by20sdf.pdf,5605a7f8ad947c2145feae121d4e3b2869dff752fae780dd168475f2f6547053
ROA-0000-0007,an20open20letter20to20cameroun20the20letat-major20of20cameroun,An Open Letter To Cameroun The Letat Major Of Cameroun,,un,https://roa.vercel.app/documents/an20open20letter20to20cameroun20the20letat-major20of20cameroun,/documents/an20open20letter20to20cameroun20the20letat-major20of20cameroun.pdf,0f8ed3f4536b502323f359fdd7cdad1756df79c41bf779bd02e2fcd17461e64e
ROA-0000-0008,bakassi20deal20invalid,Bakassi Deal Invalid,,historical,https://roa.vercel.app/documents/bakassi20deal20invalid,/documents/bakassi20deal20invalid.pdf,e218c8797c77ad0a7dcd33b72a8850c9e9d0b9b2d9f53fb39fdfd3d955241e5d
ROA-0000-0009,bakassi20peninsular20dispute,Bakassi Peninsular Dispute,,historical,https://roa.vercel.app/documents/bakassi20peninsular20dispute,/documents/bakassi20peninsular20dispute.pdf,90d23162a17ccd46d0e248a27525926dd7b33d611059a5eaf75a8bf22fdb472d
ROA-0000-0010,boundary20treaty20betweeen20british20and20french20cameroons20original20version,Boundary Treaty Betweeen British And French Cameroons Original Version,,un,https://roa.vercel.app/documents/boundary20treaty20betweeen20british20and20french20cameroons20original20version,/documents/boundary20treaty20betweeen20british20and20french20cameroons20original20version.pdf,90893c5504cb05053707fae505c4ba8d588d5bd91b04007ceeea2d40ae22c966
ROA-0000-0011,breach20of20international20obligations,Breach Of International Obligations,,historical,https://roa.vercel.app/documents/breach20of20international20obligations,/documents/breach20of20international20obligations.pdf,e092e7cc042f77dffb361cb7e953588d70cb06c2391dffc14a5635b16e1b6ab9
ROA-0000-0012,cameroon20membership20application20at20the20un,Cameroon Membership Application At The Un,,un,https://roa.vercel.app/documents/cameroon20membership20application20at20the20un,/documents/cameroon20membership20application20at20the20un.pdf,8644b785c7f5c667468af6bf4dcb202bff7b43b0a46e13ebb3a7def973bbd93f
ROA-0000-0013,cameroun20as20illegal20landlord20over20ambazonia,Cameroun As Illegal Landlord Over Ambazonia,,un,https://roa.vercel.app/documents/cameroun20as20illegal20landlord20over20ambazonia,/documents/cameroun20as20illegal20landlord20over20ambazonia.pdf,31314b4c051a3cd22beb7f675373d5146995c63726795576faedc5feea0122c2
ROA-0000-0014,constitution20of20the20federal20republic20of20cameroun,Constitution Of The Federal Republic Of Cameroun,,constitutional,https://roa.vercel.app/documents/constitution20of20the20federal20republic20of20cameroun,/documents/constitution20of20the20federal20republic20of20cameroun.pdf,91a261f6ea2efda74110232732c2feaa8df26ad72b6d1e0b87972289eee048b4
ROA-0000-0015,courrier20by20gorji20dinka20to20paul20biya20retyped20copy,Courrier By Gorji Dinka To Paul Biya Retyped Copy,,historical,https://roa.vercel.app/documents/courrier20by20gorji20dinka20to20paul20biya20retyped20copy,/documents/courrier20by20gorji20dinka20to20paul20biya20retyped20copy.pdf,2ae13f7fbada9ce993a0ec4fed3c26ab9221abbed3fedc62cec7d4bcee687be1
ROA-0000-0016,enforcement20of20judgments20by20extra-judicial20process,Enforcement Of Judgments By Extra Judicial Process,,historical,https://roa.vercel.app/documents/enforcement20of20judgments20by20extra-judicial20process,/documents/enforcement20of20judgments20by20extra-judicial20process.pdf,8800d0fc5ba1e97044c92a43f290191425c494a218c4354f9503d2ce50d0f2e0
ROA-0000-0017,fon20dinkas20plea20for20abazonia-scnc20merger20rejected20by20scnc,Fon Dinkas Plea For Abazonia Scnc Merger Rejected By Scnc,,historical,https://roa.vercel.app/documents/fon20dinkas20plea20for20abazonia-scnc20merger20rejected20by20scnc,/documents/fon20dinkas20plea20for20abazonia-scnc20merger20rejected20by20scnc.pdf,3c0858ef9ca2d4f11608427715086dbcfbfe00251be7e143b2e57a1124b369c2
ROA-0000-0018,fon20dinkas20reply20to20cam20-20why20only20the20truth20shall20set20us20free,Fon Dinkas Reply To Cam Why Only The Truth Shall Set Us Free,,historical,https://roa.vercel.app/documents/fon20dinkas20reply20to20cam20-20why20only20the20truth20shall20set20us20free,/documents/fon20dinkas20reply20to20cam20-20why20only20the20truth20shall20set20us20free.pdf,0dcd1215b09b3afcd87a0e4ccfd7a402363c67813e7e9b2443c091dcab5b2510
ROA-0000-0019,gorji-dinka_copies20of20letters20sent20today,Gorji Dinka Copies Of Letters Sent Today,,historical,https://roa.vercel.app/documents/gorji-dinka_copies20of20letters20sent20today,/documents/gorji-dinka_copies20of20letters20sent20today.pdf,e3b0c44298fc1c149afbf4c8996fb92427ae41e4649b934ca495991b7852b855
ROA-0000-0020,gorji-dinka_meeting20with20high20commissioner,Gorji Dinka Meeting With High Commissioner,,historical,https://roa.vercel.app/documents/gorji-dinka_meeting20with20high20commissioner,/documents/gorji-dinks_meeting20with20high20commissioner.pdf,2f3568600acab39d39a62bdc33972c0152cd346ebafb36144cf423d831d92074
ROA-0000-0021,hcb28-9220explained20by20fon20fongum20gorji-dinka,Hcb ( 92 Explained By Fon Fongum Gorji Dinka,,historical,https://roa.vercel.app/documents/hcb28-9220explained20by20fon20fongum20gorji-dinka,/documents/hcb28-9220explained20by20fon20fongum20gorji-dinka.pdf,9dae4f440d06714f0eedf26fe67db2085f0ff4117b8759435e26fc512c62bede
ROA-0000-0022,hcb28-9220le20messager,Hcb ( 92 Le Messager,,historical,https://roa.vercel.app/documents/hcb28-9220le20messager,/documents/hcb28-9220le20messager.pdf,ff1c59946d3db6f326800b407082480ee5cd1fc65afbc0511a31c68d0fe13fde
ROA-0000-0023,hcb28-9220retyped,Hcb ( 92 Retyped,,historical,https://roa.vercel.app/documents/hcb28-9220retyped,/documents/hcb28-9220retyped.pdf,182a4a6fdbe56beead46369cd80001b5e164fa50e21b981d0b9a77204b64b3fd
ROA-0000-0024,k.n.c20-20k.p.p.20merger2c20and20formation20of20cameroons20peoples20national20convention,"K.n.c K.p.p. Merger, And Formation Of Cameroons Peoples National Convention",,historical,https://roa.vercel.app/documents/k.n.c20-20k.p.p.20merger2c20and20formation20of20cameroons20peoples20national20convention,/documents/k.n.c20-20k.p.p.20merger2c20and20formation20of20cameroons20peoples20national20convention.pdf,db38ea885750123fa8a530cd28b448f8b16de276f710aaa013d937da62bcbeb8
ROA-0000-0025,law20enforcement20peoples20action20ordinance,Law Enforcement Peoples Action Ordinance,,ordinance,https://roa.vercel.app/documents/law20enforcement20peoples20action20ordinance,/documents/law20enforcement20peoples20action20ordinance.pdf,e3b0c44298fc1c149afbf4c8996fb92427ae41e4649b934ca495991b7852b855
ROA-0000-0026,legal20analysis20of20un20article2076b20on20future20of20the20cameroons20under20british20administration,Legal Analysis Of Un Article 76b On Future Of The Cameroons Under British Administration,,un,https://roa.vercel.app/documents/legal20analysis20of20un20article2076b20on20future20of20the20cameroons20under20british20administration,/documents/legal20analysis20of20un20article2076b20on20future20of20the20cameroons20under20british20administration.pdf,68c1064d3befdb9f173796f946d94a1b8c1629fccbde38a0fc9de85f527fde55
ROA-0000-0027,legal20analysis20of20un20article2076b20on20termination20of20the20trusteeship20agreement20of20british20cameroons,Legal Analysis Of Un Article 76b On Termination Of The Trusteeship Agreement Of British Cameroons,,international,https://roa.vercel.app/documents/legal20analysis20of20un20article2076b20on20termination20of20the20trusteeship20agreement20of20british20cameroons,/documents/legal20analysis20of20un20article2076b20on20termination20of20the20trusteeship20agreement20of20british20cameroons.pdf,919649d3f825e4f4e80fc85607112e003e5fbfa511b083b8c1de9f6b4576617c
ROA-0000-0028,letter20to20biya20on20320wise20men,Letter To Biya On 3 Wise Men,,historical,https://roa.vercel.app/documents/letter20to20biya20on20320wise20men,/documents/letter20to20biya20on20320wise20men.pdf,746c8abc080f12e9f29f2696cdfd9163030a340d99324d24ce1516cb04548cd8
ROA-0000-0029,nigeria-ambazonia20judgement20implementation20cooperation20accord,Nigeria Ambazonia Judgement Implementation Cooperation Accord,,historical,https://roa.vercel.app/documents/nigeria-ambazonia20judgement20implementation20cooperation20accord,/documents/nigeria-ambazonia20judgement20implementation20cooperation20accord.pdf,2e23dfb20c286734f4ceedd54ce9911f9d535f51cd57ccbe00ce384740dd3474
ROA-0000-0030,open20letter20to20paul20biya,Open Letter To Paul Biya,,historical,https://roa.vercel.app/documents/open20letter20to20paul20biya,/documents/open20letter20to20paul20biya.pdf,acdaa7a03dad36f75b295d2936588c7f4d4c8897f2c58cae8ae3aa4409d1d6d8
ROA-0000-0031,ordinance20ambazonia20civil20defence20force20ordinance,Ordinance Ambazonia Civil Defence Force Ordinance,,ordinance,https://roa.vercel.app/documents/ordinance20ambazonia20civil20defence20force20ordinance,/documents/ordinance20ambazonia20civil20defence20force20ordinance.pdf,acc8398270b53d52466de203c63c8fde488993a6724eebfc0381df9ebbd21730
ROA-0000-0032,ordinance20ambazonian20government20and20parastatal20ordinance20agpo,Ordinance Ambazonian Government And Parastatal Ordinance Agpo,,ordinance,https://roa.vercel.app/documents/ordinance20ambazonian20government20and20parastatal20ordinance20agpo,/documents/ordinance20ambazonian20government20and20parastatal20ordinance20agpo.pdf,d39929445c81ec21b0e0abc9c0e8468f3b6be7a87a59f42d342069263a10217c
ROA-0000-0033,ordinance-ambazonian-independent-bailiff-non-governmental-organization-ordinance-aibango,Ordinance Ambazonian Independent Bailiff Non Governmental Organization Ordinance Aibango,,ordinance,https://roa.vercel.app/documents/ordinance-ambazonian-independent-bailiff-non-governmental-organization-ordinance-aibango,/documents/ordinance-ambazonian-independent-bailiff-non-governmental-organization-ordinance-aibango.pdf,9250eee7ed8980b9ffab128ed83e957229118da1d5fbb3d157a24432ee3a6e07
ROA-0000-0034,ordinance-ambazonian-symbolism-and-decameroonization-ordinance,Ordinance Ambazonian Symbolism And Decameroonization Ordinance,,ordinance,https://roa.vercel.app/documents/ordinance-ambazonian-symbolism-and-decameroonization-ordinance,/documents/ordinance-ambazonian-symbolism-and-decameroonization-ordinance.pdf,48b6daea95cf1efcfccf6a36cfd085fe00fdcba3b802df5b92edc2c470d1a4c8
ROA-0000-0035,ordinance20ambazonian20symbolism20and20decameroonization20ordinance,Ordinance Ambazonian Symbolism And Decameroonization Ordinance,,ordinance,https://roa.vercel.app/documents/ordinance20ambazonian20symbolism20and20decameroonization20ordinance,/documents/ordinance20ambazonian20symbolism20and20decameroonization20ordinance.pdf,48b6daea95cf1efcfccf6a36cfd085fe00fdcba3b802df5b92edc2c470d1a4c8
ROA-0000-0036,ordinance-ambazonization-ordinace-06-01,Ordinance Ambazonization Ordinace 06 01,,ordinance,https://roa.vercel.app/documents/ordinance-ambazonization-ordinace-06-01,/documents/ordinance-ambazonization-ordinace-06-01.pdf,ef1792b8350c8b22e24c94370f6012b99d873241aaaa366cc044b67d181e9358
ROA-0000-0037,ordinance20lempo20modus20operandi,Ordinance Lempo Modus Operandi,,ordinance,https://roa.vercel.app/documents/ordinance20lempo20modus20operandi,/documents/ordinance20lempo20modus20operandi.pdf,05e7c1fa35b20485edfd9698c8106f25886861f577132a6d6559f431e2879b1e
ROA-0000-0038,ordinance20lempo20modus20operandi20ii,Ordinance Lempo Modus Operandi Ii,,ordinance,https://roa.vercel.app/documents/ordinance20lempo20modus20operandi20ii,/documents/ordinance20lempo20modus20operandi20ii.pdf,8e52eb30e60d5856efca188f9f78c0e934c7d5fe6a52b6a45ad2d4236fdf3955
ROA-0000-0039,ordinance20lempo20notice20to20quit20i,Ordinance Lempo Notice To Quit I,,ordinance,https://roa.vercel.app/documents/ordinance20lempo20notice20to20quit20i,/documents/ordinance20lempo20notice20to20quit20i.pdf,72a9418e6a5b81d21a6a926b397b1a9b1510bbb0a9ebace9f2978e943971ef41
ROA-0000-0040,ordinance20restoration20law20enforcement20proclamation20reslep,Ordinance Restoration Law Enforcement Proclamation Reslep,,ordinance,https://roa.vercel.app/documents/ordinance20restoration20law20enforcement20proclamation20reslep,/documents/ordinance20restoration20law20enforcement20proclamation20reslep.pdf,45eded6743b6cb92425815340f4fa59125ae2d0373f6dac8ca31a8913d53f50f
ROA-0000-0041,republic20of20ambazonian20petition20at20the20un,Republic Of Ambazonian Petition At The Un,,un,https://roa.vercel.app/documents/republic20of20ambazonian20petition20at20the20un,/documents/republic20of20ambazonian20petition20at20the20un.pdf,7acbae1466196c6af0909ec7925053190ad19be3492da9b32ff2c3c467a2ec7a
ROA-0000-0042,republic20of20ambazonias20letter20to20the20un,Republic Of Ambazonias Letter To The Un,,un,https://roa.vercel.app/documents/republic20of20ambazonias20letter20to20the20un,/documents/republic20of20ambazonias20letter20to20the20un.pdf,0dafcb44789ea54d0962e55b396f40737e4b4772fb1a4ab8122c5ac11dd5f0e7
ROA-0000-0043,requestg20for20assistance,Requestg For Assistance,,historical,https://roa.vercel.app/documents/requestg20for20assistance,/documents/requestg20for20assistance.pdf,219c3ec801e40d8aa162fafa628d8a8119fdef28f2913607265f845dd74e6b02
ROA-0000-0044,roa20eastern20boundary20with20cameroon,Roa Eastern Boundary With Cameroon,,un,https://roa.vercel.app/documents/roa20eastern20boundary20with20cameroon,/documents/roa20eastern20boundary20with20cameroon.pdf,9393d9d24c9bfb6ca182724c5cc807da58f10d5c15f6edc2551cadf6497a5ca9
ROA-0000-0045,southern20cameroons20independence20constition,Southern Cameroons Independence Constition,,historical,https://roa.vercel.app/documents/southern20cameroons20independence20constition,/documents/southern20cameroons20independence20constition.pdf,ba60ed606c818b02f89ed691285d6e57f824576e2af9266c436be15f701622ea
ROA-0000-0046,statement20made20by20uk20representative20at20the20959th20meeting20of20the20trusteeship20council,Statement Made By Uk Representative At The 959th Meeting Of The Trusteeship Council,,un,https://roa.vercel.app/documents/statement20made20by20uk20representative20at20the20959th20meeting20of20the20trusteeship20council,/documents/statement20made20by20uk20representative20at20the20959th20meeting20of20the20trusteeship20council.pdf,8c749fc564adb6b4c6d2c8e410a08ab1471a60bb8118f48fa0a60dd5b9d2c755
ROA-0000-0047,statement20of20treaties20and20international20agreements,Statement Of Treaties And International Agreements,,international,https://roa.vercel.app/documents/statement20of20treaties20and20international20agreements,/documents/statement20of20treaties20and20international20agreements.pdf,27d1af973bfaf83b4e3453fab05809ff4064942fd24b4a6d34fcd43f00b26dc9
ROA-0000-0048,the20constitution20of20the20federal20republic20of20cameroon,The Constitution Of The Federal Republic Of Cameroon,,constitutional,https://roa.vercel.app/documents/the20constitution20of20the20federal20republic20of20cameroon,/documents/the20constitution20of20the20federal20republic20of20cameroon.pdf,e3b0c44298fc1c149afbf4c8996fb92427ae41e4649b934ca495991b7852b855
ROA-0000-0049,the20greentree20agreement20and20the20illegal20alteration20of20icj20judgment,The Greentree Agreement And The Illegal Alteration Of Icj Judgment,,international,https://roa.vercel.app/documents/the20greentree20agreement20and20the20illegal20alteration20of20icj20judgment,/documents/the20greentree20agreement20and20the20illegal20alteration20of20icj20judgment.pdf,35e4e6c29ef8300673ab1a6f14c7a5f9fa4e9b3d941da200ccfcb6425a6d6071
ROA-0000-0050,the20most20sophisticated20slave20trade20deal20under20un20cover,The Most Sophisticated Slave Trade Deal Under Un Cover,,un,https://roa.vercel.app/documents/the20most20sophisticated20slave20trade20deal20under20un20cover,/documents/the20most20sophisticated20slave20trade20deal20under20un20cover.pdf,5c953a25b066b2e57dc30d77be2c6ae292a1d1a51eecb4fdbd660aa998f531a8
ROA-0000-0051,the20new20social20order,The New Social Order,,historical,https://roa.vercel.app/documents/the20new20social20order,/documents/the20new20social20order.pdf,b483e0f33395c0f3dd562977b0ea44bb4f63fb4e88a0bbcb8ec0eaf5d6c7df44
ROA-0000-0052,the20rebellion20of20ambazonia,The Rebellion Of Ambazonia,,historical,https://roa.vercel.app/documents/the20rebellion20of20ambazonia,/documents/the20rebellion20of20ambazonia.pdf,c86725ba4b9ddec74983877296670b67b535d7ac5c53746fac97949891d683e1
ROA-0000-0053,the20two20alternatives,The Two Alternatives,,historical,https://roa.vercel.app/documents/the20two20alternatives,/documents/the20two20alternatives.pdf,e681bc6ce07619d63cf901f2e5db91051f3bb0b40ef89375d4a72f6644551959
ROA-0000-0054,the20two20alternatives20full20document,The Two Alternatives Full Document,,historical,https://roa.vercel.app/documents/the20two20alternatives20full20document,/documents/the20two20alternatives20full20document.pdf,67fef26e00e8735a2ba16d50dde924d0128d432c3d1bdd14a79a51f10265612a
ROA-0000-0055,the20united20states20government20stand20on20southern20cameroons20declassified20by20muluh20mbuh202,The United States Government Stand On Southern Cameroons Declassified By Muluh Mbuh 2,,un,https://roa.vercel.app/documents/the20united20states20government20stand20on20southern20cameroons20declassified20by20muluh20mbuh202,/documents/the20united20states20government20stand20on20southern20cameroons20declassified20by20muluh20mbuh202.pdf,572031a4f7b39580eea6da2b431b0e0a356c248b9cd4bff588c30a3716c44c29
ROA-0000-0056,un20legal20analysis20or20interpretation20of20article208520as20applied20to20british20cameroons20andamp;20others,Un Legal Analysis Or Interpretation Of Article 85 As Applied To British Cameroons & Others,,un,https://roa.vercel.app/documents/un20legal20analysis20or20interpretation20of20article208520as20applied20to20british20cameroons20andamp;20others,/documents/un20legal20analysis20or20interpretation20of20article208520as20applied20to20british20cameroons20andamp;20others.pdf,e3b0c44298fc1c149afbf4c8996fb92427ae41e4649b934ca495991b7852b855
ROA-0000-0057,us20state20dept20notes20on20ambazonia20interpleader20summons20at20icj,Us State Dept Notes On Ambazonia Interpleader Summons At Icj,,historical,https://roa.vercel.app/documents/us20state20dept20notes20on20ambazonia20interpleader20summons20at20icj,/documents/us20state20dept20notes20on20ambazonia20interpleader20summons20at20icj.pdf,f617e1150e191da1144fbfd8bfa2d3952537801a37e3d407955f93569e3205be
ROA-1990-0001,proclamation20formalizing20the20independence20of20ambazonia2010-10-1990,Proclamation Formalizing The Independence Of Ambazonia 10 10 1990,1990,proclamation,https://roa.vercel.app/documents/proclamation20formalizing20the20independence20of20ambazonia2010-10-1990,/documents/proclamation20formalizing20the20independence20of20ambazonia2010-10-1990.pdf,682cd6f0e0dafd9ff1630a3cd47e09f1acbe79adc91f628f3abbf76a7772a0d9
ROA-1993-0001,hcb28-9220of20challenge20bi-hebdo20no2010520of20monday20august2023-1993,Hcb ( 92 Of Challenge Bi Hebdo No 105 Of Monday August 23 1993,1993,historical,https://roa.vercel.app/documents/hcb28-9220of20challenge20bi-hebdo20no2010520of20monday20august2023-1993,/documents/hcb28-9220of20challenge20bi-hebdo20no2010520of20monday20august2023-1993.pdf,72576327273fb480c61f479b7a1b0a6551257f86a8839183bb1b5521f8ac88e5
ROA-2001-0001,ordinance20ambazonization20ordinace20062001,Ordinance Ambazonization Ordinace 06 01,2001,ordinance,https://roa.vercel.app/documents/ordinance20ambazonization20ordinace20062001,/documents/ordinance20ambazonization20ordinace20062001.pdf,ef1792b8350c8b22e24c94370f6012b99d873241aaaa366cc044b67d181e9358
ROA-2002-0001,unccprc83d11342002,Unccprc83d1134 02,2002,un,https://roa.vercel.app/documents/unccprc83d11342002,/documents/unccprc83d11342002.pdf,8b1e740c58a92a5df2bfdfa481d2934bee233c6ac354c7bc918e6ec9112b9885
ROA-2006-0001,ordinance20ambazonia20alien20repatriation20ordinace200220052006,Ordinance Ambazonia Alien Repatriation Ordinace 02 05 06,2006,ordinance,https://roa.vercel.app/documents/ordinance20ambazonia20alien20repatriation20ordinace200220052006,/documents/ordinance20ambazonia20alien20repatriation20ordinace200220052006.pdf,8e04f6d59e018ed17d9d8eb53b187a3dd2676ae04280a343f05d97b4ff79dd2a
ROA-2012-0001,the20two20alternatives20part20120-federation20of20nigeria20and20southern20cameroons,The Two Alternatives Part 1 Federation Of Nigeria And Southern Cameroons,2012,historical,https://roa.vercel.app/documents/the20two20alternatives20part20120-federation20of20nigeria20and20southern20cameroons,/documents/the20two20alternatives20part20120-federation20of20nigeria20and20southern20cameroons.pdf,4d3a43a22486ceb84d319c2fe55ef773be4a00d0d54bb5d7ddcc8bb4bc9eb371
ROA-2013-0001,notification20of20judgment20of20suit20fhc-abj-cs-526-2013,Notification Of Judgment Of Suit Fhc Abj Cs 526 13,2013,historical,https://roa.vercel.app/documents/notification20of20judgment20of20suit20fhc-abj-cs-526-2013,/documents/notification20of20judgment20of20suit20fhc-abj-cs-526-2013.pdf,9f94c1163e8b52a6d72f74f32190646a67bf96e60a7dbca3270217f2dfd07153
ROA-2015-0001,ambaz20star20page2015,Ambaz Star Page 15,2015,historical,https://roa.vercel.app/documents/ambaz20star20page2015,/documents/ambaz20star20page2015.pdf,1da40e29a7f7c074bdd627993d1f4c8af44c41a3374bd9734dbaa170db20e4e5
ROA-2016-0001,ambaz20star20page2016,Ambaz Star Page 16,2016,historical,https://roa.vercel.app/documents/ambaz20star20page2016,/documents/ambaz20star20page2016.pdf,de814513b4518490fef1e207119cc987173a7fd15a7fce96a4329ff6bde05eca
ROA-2019-0001,00120-declassified20her20britannic20majestys20government20secret20on20southern20cameroons2031st20july201958,001 Declassified Her Britannic Majestys Government Secret On Southern Cameroons 31st July 1958,2019,historical,https://roa.vercel.app/documents/00120-declassified20her20britannic20majestys20government20secret20on20southern20cameroons2031st20july201958,/documents/00120-declassified20her20britannic20majestys20government20secret20on20southern20cameroons2031st20july201958.pdf,54295acd3b4f550b15376164bd6bc1d1503a74d48d7ba11fe7563bbc71eb6372
ROA-2019-0002,00320-declassified20her20britannic20majestys20government20secret20on20southern20cameroons2013th20january201960,003 Declassified Her Britannic Majestys Government Secret On Southern Cameroons 13th January 1960,2019,historical,https://roa.vercel.app/documents/00320-declassified20her20britannic20majestys20government20secret20on20southern20cameroons2013th20january201960,/documents/00320-declassified20her20britannic20majestys20government20secret20on20southern20cameroons2013th20january201960.pdf,6edc34be6ace778452c9e7b75b8c2eb9d779a24e7a9766d7445f6acb09c55352
ROA-2019-0003,00420-declassified20her20britannic20majestys20government20secret20on20southern20cameroons2013th20june201960,004 Declassified Her Britannic Majestys Government Secret On Southern Cameroons 13th June 1960,2019,un,https://roa.vercel.app/documents/00420-declassified20her20britannic20majestys20government20secret20on20southern20cameroons2013th20june201960,/documents/00420-declassified20her20britannic20majestys20government20secret20on20southern20cameroons2013th20june201960.pdf,8e7378c48f670ecde02b8299bdb1528d1fda3c20a36adb677c0ec6da645996fa
ROA-2019-0004,00520-declassified20her20britannic20majestys20government20secret20on20southern20cameroons2016th20march201961,005 Declassified Her Britannic Majestys Government Secret On Southern Cameroons 16th March 1961,2019,historical,https://roa.vercel.app/documents/00520-declassified20her20britannic20majestys20government20secret20on20southern20cameroons2016th20march201961,/documents/00520-declassified20her20britannic20majestys20government20secret20on20southern20cameroons2016th20march201961.pdf,fcbb2fbf5146d2fe09f6f3078246e6490013935fade236b6e764d0d6359b4aa8
ROA-2019-0005,00620-declassified20her20britannic20majestys20government20secret20on20southern20cameroons2021st20march201961,006 Declassified Her Britannic Majestys Government Secret On Southern Cameroons 21st March 1961,2019,historical,https://roa.vercel.app/documents/00620-declassified20her20britannic20majestys20government20secret20on20southern20cameroons2021st20march201961,/documents/00620-declassified20her20britannic20majestys20government20secret20on20southern20cameroons2021st20march201961.pdf,483733c5aa24b6ec5174fbdff3b6519b5a136685769493198c9845a5401d5691
ROA-2019-0006,00720-declassified20her20britannic20majestys20government20secret20on20southern20cameroons2026th20june201961,007 Declassified Her Britannic Majestys Government Secret On Southern Cameroons 26th June 1961,2019,un,https://roa.vercel.app/documents/00720-declassified20her20britannic20majestys20government20secret20on20southern20cameroons2026th20june201961,/documents/00720-declassified20her20britannic20majestys20government20secret20on20southern20cameroons2026th20june201961.pdf,8d3a81d34dcced543ce17bcc0fabab502022e704f865cbda5f2898dec8d32ab3
ROA-2019-0007,00820-declassified20her20britannic20majestys20government20secret20on20southern20cameroons2029th20june201961,008 Declassified Her Britannic Majestys Government Secret On Southern Cameroons ) Th June 1961,2019,un,https://roa.vercel.app/documents/00820-declassified20her20britannic20majestys20government20secret20on20southern20cameroons2029th20june201961,/documents/00820-declassified20her20britannic20majestys20government20secret20on20southern20cameroons2029th20june201961.pdf,c168592445122a1e26547b2bf7424f9be08207c1823a18ae8ee5064d3b004249
ROA-2019-0008,00920-declassified20her20britannic20majesty20queens20speech2017th20october201961,009 Declassified Her Britannic Majesty Queens Speech 17th October 1961,2019,historical,https://roa.vercel.app/documents/00920-declassified20her20britannic20majesty20queens20speech2017th20october201961,/documents/00920-declassified20her20britannic20majesty20queens20speech2017th20october201961.pdf,9892212afe68c15951b4471c4987a67d5212b21f5fa14d5be595bd999f1ac0aa
ROA-2019-0009,01020-declassified20confidential20her20britannic20majestys20government20decision20on20southern20cameroons2028th20nov201961,010 Declassified Confidential Her Britannic Majestys Government Decision On Southern Cameroons 28th Nov 1961,2019,historical,https://roa.vercel.app/documents/01020-declassified20confidential20her20britannic20majestys20government20decision20on20southern20cameroons2028th20nov201961,/documents/01020-declassified20confidential20her20britannic20majestys20government20decision20on20southern20cameroons2028th20nov201961.pdf,bb954650ce46009a6257e1a2add1b69df40cee597e97042f4bc4ca08eb6f47bc
ROA-2019-0010,ambazonia20interpleader20summons20at20icj-20may201994,Ambazonia Interpleader Summons At Icj May 1994,2019,historical,https://roa.vercel.app/documents/ambazonia20interpleader20summons20at20icj-20may201994,/documents/ambazonia20interpleader20summons20at20icj-20may201994.pdf,270ae311115d153a476e1c8159dfd24be8404bf512bad5ae5ae237a0f0c08988
ROA-2019-0011,roa20is20anchored20on20-restoration20law20no.2084-0120of204th20february201984,Roa Is Anchored On Restoration Law No. 84 01 Of 4th February 1984,2019,legal,https://roa.vercel.app/documents/roa20is20anchored20on20-restoration20law20no.2084-0120of204th20february201984,/documents/roa20is20anchored20on20-restoration20law20no.2084-0120of204th20february201984.pdf,c6df0519d0fc507424105ab5b22e130ebd1d2af09b7cbad5d1022804bea85112
ROA-2019-0012,the20republic20of20ambazonia20at20organisation20of20african20unity20june201991,The Republic Of Ambazonia At Organisation Of African Unity June 1991,2019,un,https://roa.vercel.app/documents/the20republic20of20ambazonia20at20organisation20of20african20unity20june201991,/documents/the20republic20of20ambazonia20at20organisation20of20african20unity20june201991.pdf,0f9d71f2299030773c220804263e86aa521fd5db72152dd0f756291b8ac20195
ROA-2019-0013,the20republic20of20cameroons20constitution20as20amended20by20restoration20law2084200120of20feb.201984,The Republic Of Cameroons Constitution As Amended By Restoration Law 84 01 Of Feb. 1984,2019,constitutional,https://roa.vercel.app/documents/the20republic20of20cameroons20constitution20as20amended20by20restoration20law2084200120of20feb.201984,/documents/the20republic20of20cameroons20constitution20as20amended20by20restoration20law2084200120of20feb.201984.pdf,8580bb9fbea1468df8fe53fba58492b58cdfadc9892719512ba15afebb06be71
ROA-2019-0014,trusteeship20agreement20on20cameroons20under20united20kingdom20administration201947,Trusteeship Agreement On Cameroons Under United Kingdom Administration 1947,2019,international,https://roa.vercel.app/documents/trusteeship20agreement20on20cameroons20under20united20kingdom20administration201947,/documents/trusteeship20agreement20on20cameroons20under20united20kingdom20administration201947.pdf,93ffe5eb320530f51918c665703fd98ab111038cadee1309f6709949f4fa9859
ROA-2020-0001,adamstown20minutes20of20feb2025202001,Adamstown Minutes Of Feb 25 01,2020,historical,https://roa.vercel.app/documents/adamstown20minutes20of20feb2025202001,/documents/adamstown20minutes20of20feb2025202001.pdf,3d7602e4b39cdfacdc702ea8e1e5789cf7eb05278de0f140389560a4aaa26b8a
ROA-2020-0002,ordinance20ambazonia20decameroonization20ordinance20122023202005,Ordinance Ambazonia Decameroonization Ordinance 12 23 05,2020,ordinance,https://roa.vercel.app/documents/ordinance20ambazonia20decameroonization20ordinance20122023202005,/documents/ordinance20ambazonia20decameroonization20ordinance20122023202005.pdf,9cef4a5612e837d25a79e5ebcfb0271f5ccc7d5ace6bc636a2bf61c55d833165
ROA-2020-0003,ordinance20ambazonian20independent20bailiff20non20governmental20organization2020ordinance20aibango,Ordinance Ambazonian Independent Bailiff Non Governmental Organization Ordinance Aibango,2020,ordinance,https://roa.vercel.app/documents/ordinance20ambazonian20independent20bailiff20non20governmental20organization2020ordinance20aibango,/documents/ordinance20ambazonian20independent20bailiff20non20governmental20organization2020ordinance20aibango.pdf,9250eee7ed8980b9ffab128ed83e957229118da1d5fbb3d157a24432ee3a6e07
ROA-2020-0004,ordinance20jepao20december2021202005,Ordinance Jepao December 21 05,2020,ordinance,https://roa.vercel.app/documents/ordinance20jepao20december2021202005,/documents/ordinance20jepao20december2021202005.pdf,cab960004827c4a85c637e454dd08f1cd4b9295df510a9eac8a767bb51a0caf8
ROA-2020-0005,ordinance20public20officers20replacement2020ordinance,Ordinance Public Officers Replacement Ordinance,2020,ordinance,https://roa.vercel.app/documents/ordinance20public20officers20replacement2020ordinance,/documents/ordinance20public20officers20replacement2020ordinance.pdf,a8165edd545bf1e29d19fb3152b16654a8eea20ddd054bdd2801190339ea9cea
ROA-2020-0006,un20gift20of20maps20to20paul20biya20on202020may202010,Un Gift Of Maps To Paul Biya On May 10,2020,un,https://roa.vercel.app/documents/un20gift20of20maps20to20paul20biya20on202020may202010,/documents/un20gift20of20maps20to20paul20biya20on202020may202010.pdf,f47a8e958f8d81d2e8ff883d96ea3e20ad606e1382634888cdb58c2b37b5768d
ROA-2022-0001,the20two20alternatives20part20220-republic20of20cameroon20and20southern20cameroons,The Two Alternatives Part 2 Republic Of Cameroon And Southern Cameroons,2022,historical,https://roa.vercel.app/documents/the20two20alternatives20part20220-republic20of20cameroon20and20southern20cameroons,/documents/the20two20alternatives20part20220-republic20of20cameroon20and20southern20cameroons.pdf,3f35a9c537b38eff77a964ca720fc579070189e03599c25efa4e36e84a1bb58a
ROA-2026-0001,muna27s20speech20at20the20un20ga20acknowledging20unification202620independence20of20the20cameroons,Muna's Speech At The Un Ga Acknowledging Unification 26 Independence Of The Cameroons,2026,un,https://roa.vercel.app/documents/muna27s20speech20at20the20un20ga20acknowledging20unification202620independence20of20the20cameroons,/documents/muna27s20speech20at20the20un20ga20acknowledging20unification202620independence20of20the20cameroons.pdf,4f7678df7da0a093f876476a729bbe063438f90e3a3d023e2ade354a39de74e4
ROA-2026-0002,munas20speech20at20the20un20ga20acknowledging20unification202620independence20of20the20cameroons,Munas Speech At The Un Ga Acknowledging Unification 26 Independence Of The Cameroons,2026,un,https://roa.vercel.app/documents/munas20speech20at20the20un20ga20acknowledging20unification202620independence20of20the20cameroons,/documents/munas20speech20at20the20un20ga20acknowledging20unification202620independence20of20the20cameroons.pdf,4f7678df7da0a093f876476a729bbe063438f90e3a3d023e2ade354a39de74e4
ROA-2026-0003,un20legal20analysis20or20interpretation20of20article208520as20applied20to20british20cameroons202620others,Un Legal Analysis Or Interpretation Of Article 85 As Applied To British Cameroons 26 Others,2026,un,https://roa.vercel.app/documents/un20legal20analysis20or20interpretation20of20article208520as20applied20to20british20cameroons202620others,/documents/un20legal20analysis20or20interpretation20of20article208520as20applied20to20british20cameroons202620others.pdf,f76fd26279b0b5b54304f0845c2399ba9b51e39a0ff8397f560ef33fb7499940
ROA-2028-0001,ordinance20united20nations20bakassi20accord2028implementation2920ordinance,Ordinance United Nations Bakassi Accord 28implementation) Ordinance,2028,ordinance,https://roa.vercel.app/documents/ordinance20united20nations20bakassi20accord2028implementation2920ordinance,/documents/ordinance20united20nations20bakassi20accord2028implementation2920ordinance.pdf,b84fd03eac557311539180ad7339ff5b639e27fa73292be15bb1eaad71db919b